"Time (s)","Distance (cm)"
1.599279508E0,0.000000000E0
8.315796851E1,5.000024796E0
8.359577397E1,0.000000000E0
1.809073183E2,5.000024796E0
